Question,QuestionEnglish,ChoiceA,ChoiceAEnglish,ChoiceB,ChoiceBEnglish,ChoiceC,ChoiceCEnglish,CorrectAnswer
På hvilke klassetrin kan man gå på efterskole?,Which school years can one attend efterskole?,"0., 1. og 2. klasse",,"4., 5. og 6. klasse",,"8., 9. og 10. klasse",,"8., 9. og 10. klasse"
Hvor gammel skal man mindst være for at få kørekort til almindelig bil?,What is the minimum age to get a driving licence for a regular car?,17 år,,19 år,,21 år,,17 år
Hvor mange borgere i Danmark mellem 15 og 64 år har et arbejde?,How many citizens in Denmark between 15 and 64 years have a job?,Cirka to ud af fem,,Cirka to ud af tre,,Cirka tre ud af fire,,Cirka tre ud af fire
Hvem var Danmarks første kvindelige statsminister?,Who was Denmark's first female prime minister?,Pia Kjærsgaard,,Helle Thorning-Schmidt,,Mette Frederiksen,,Helle Thorning-Schmidt
"Skal der være en folkeafstemning, hvis den danske grundlov skal ændres?",Must there be a referendum if the Danish constitution is to be changed?,Ja,,Nej,,,,Ja
Hvor mange kommuner er der i Danmark?,How many municipalities are there in Denmark?,19,,41,,98,,98
Hvilken popgruppe udgav nummeret Barbie Girl i 1990'erne?,Which pop group released the song Barbie Girl in the 1990s?,Gasolin,,Me & My,,Aqua,,Aqua
Hvad var Yahya Hassan (1995-2020) særligt kendt for?,What was Yahya Hassan (1995-2020) particularly known for?,Han var musiker,,Han var digter,,Han var fodboldspiller,,Han var digter
Hvilket land er ikke med i det danske rigsfællesskab?,Which country is not part of the Danish realm?,Island,,Færøerne,,Grønland,,Island
Hvilket af følgende lande var i union med Danmark over 400 år frem til 1814?,Which of the following countries was in union with Denmark for over 400 years until 1814?,Sverige,,Norge,,Finland,,Norge
Hvilket år blev Danmark besat af tyske tropper?,In which year was Denmark occupied by German forces?,1932,,1940,,1944,,1940
Hvad var middel-levetiden for mænd i 2024?,What was the average life expectancy for men in 2024?,Cirka 70 år,,Cirka 75 år,,Cirka 80 år,,Cirka 80 år
Hvad er moms?,What is VAT (moms)?,En skat man betaler af sin indkomst,,En afgift på blandt andet varer man køber i butikkerne,,Et gebyr man betaler for at bruge DR's tv- og radiokanaler,,En afgift på blandt andet varer man køber i butikkerne
"Hvilken slags daginstitution går børn normalt i, når de er to år?",What type of daycare do children normally attend when they are two years old?,Vuggestue,,Børnehave,,,,Vuggestue
Hvordan blev grænsen for fri abort ændret i 2025?,How was the free abortion limit changed in 2025?,Den blev sat op fra 12 til 18 uger,,Den blev sat ned fra 12 til 9 uger,,,,Den blev sat op fra 12 til 18 uger
Hvilket farvand ligger mellem Sjælland og Sverige?,Which body of water lies between Zealand and Sweden?,Storebælt,,Lillebælt,,Øresund,,Øresund
Hvor meget af Danmarks areal er landbrug?,What percentage of Denmark's area is farmland?,Cirka 10 procent,,Cirka 35 procent,,Cirka 60 procent,,Cirka 60 procent
Skal man være dansk statsborger for at stemme til folketingsvalg?,Must you be a Danish citizen to vote in general elections?,Ja,,Nej,,,,Ja
Hvilket parti er ældst?,Which party is the oldest?,Dansk Folkeparti,,Det Konservative Folkeparti,,,,Det Konservative Folkeparti
"Kan regeringen bestemme, hvordan en dommer skal dømme i en konkret retssag?",Can the government decide how a judge should rule in a specific case?,Ja,,Nej,,,,Nej
Hvor mange stemmer normalt ved valg til Folketinget?,How many normally vote in elections to the Folketing?,Cirka 40-50 procent,,Cirka 60-70 procent,,Cirka 80-90 procent,,Cirka 80-90 procent
Hvor blev danske soldater udsendt til i 1990'erne som en del af FN's styrker?,Where were Danish soldiers deployed in the 1990s as part of UN forces?,Syrien,,Bosnien,,Libyen,,Bosnien
Hvilken verdensdel modtager størstedelen af den danske udviklingsbistand?,Which continent receives the largest share of Danish development aid?,Afrika,,Asien,,Sydamerika,,Afrika
Hvad hedder Danmarks kronprins?,What is the name of Denmark's crown prince?,Christian,,Nikolaj,,Frederik,,Christian
På hvilken dato er det grundlovsdag?,On which date is Constitution Day?,5. april,,5. maj,,5. juni,,5. juni
Hvad bestemmer overenskomster på arbejdsmarkedet blandt andet?,"What do collective agreements in the labor market determine, among other things?",Skatter,,Arbejdstid,,,,Arbejdstid
Hvor mange ugers ferie har man normalt ret til som lønmodtager?,How many weeks of vacation are you normally entitled to as an employee?,1-2 uger om året,,3-4 uger om året,,5-6 uger om året,,5-6 uger om året
Hvad skal man være medlem af en a-kasse for at kunne få?,What do you need to be a member of an unemployment fund to be able to get?,Arbejdsløshedsdagpenge,,Kontanthjælp,,Førtidspension,,Arbejdsløshedsdagpenge
Hvordan bliver de fleste udgifter til sundhedsvæsenet betalt?,How are most healthcare expenses paid for?,Skatter og afgifter,,Direkte egenbetaling,,Private forsikringer,,Skatter og afgifter
Fik alle mænd og kvinder over 18 år stemmeret til Folketinget med Grundloven i 1849?,Did all men and women over the age of 18 get the right to vote in the Danish Parliament with the Constitution of 1849?,Ja,,Nej,,,,Nej
Hvad har der været flest folkeafstemninger om i Danmark siden 1953?,What has been the most referendums on in Denmark since 1953?,Danmarks forhold til EU,,Valgretsalderen,,Grundloven,,Danmarks forhold til EU
Hvilket år blev Danmark befriet fra den tyske besættelse?,In what year was Denmark liberated from German occupation?,1940,,1943,,1945,,1945
Hvornår blev Danmark medlem af NATO?,When did Denmark become a member of NATO?,1949,,1969,,1989,,1949
Hvad producerer virksomheden Novo Nordisk primært?,What does the company Novo Nordisk primarily produce?,Vindmøller,,Legetøj,,Medicin,,Medicin
Hvordan har antallet af landmænd i Danmark udviklet sig siden 1960?,How has the number of farmers in Denmark developed since 1960?,Antallet er steget,,Antallet er faldet,,,,Antallet er faldet
"Betyder en betinget fængselsstraf, at man skal direkte i fængsel?",Does a suspended prison sentence mean that you have to go straight to prison?,Ja,,Nej,,,,Nej
Hvortil kan man normalt anke (appellere) en afgørelse fra byretten?,Where can one normally appeal a decision from the district court?,Landsretten,,Højesteret,,,,Landsretten
Fra hvilket land kom der særligt mange indvandrere til Danmark i slutningen af 1960’erne?,From which country did particularly many immigrants come to Denmark in the late 1960s?,Syrien,,Tyrkiet,,Rumænien,,Tyrkiet
"Hvilken daginstitution går børn normalt i, når de er fire år?",Which daycare center do children usually attend when they are four years old?,Vuggestue,,Børnehave,,,,Børnehave
"Hvad er Grenen, som ligger ved byen Skagen?","What is Grenen, located near the town of Skagen?",Danmarks sydligste punkt,,Danmarks østligste punkt,,Danmarks nordligste punkt,,Danmarks nordligste punkt
Hvad hedder farvandet mellem Sjælland og Fyn?,What is the name of the waters between Zealand and Funen?,Storebælt,,Lillebælt,,Øresund,,Storebælt
Hvilken af følgende byer har flest indbyggere?,Which of the following cities has the most inhabitants?,Esbjerg,,Randers,,Aalborg,,Aalborg
Er Det Konservative Folkeparti med i den nuværende regering?,Is the Conservative People's Party in the current government?,Ja,,Nej,,,,Nej
Hvilket parti fik flest stemmer ved folketingsvalget i 2022?,Which party received the most votes in the 2022 general election?,Socialdemokratiet,,Dansk Folkeparti,,Venstre,,Socialdemokratiet
Hvem er Danmarks konge?,Who is the King of Denmark?,Frederik 4.,,Frederik 7.,,Frederik 10.,,Frederik 10.
Hvad er besluttet omkring værnepligten i 2024?,What has been decided regarding conscription in 2024?,At der skal indkaldes flere værnepligtige,,At der skal indkaldes samme antal værnepligtige,,At der skal indkaldes færre værnepligtige,,At der skal indkaldes flere værnepligtige
Hvilket politisk parti blev dannet omkring 1870?,Which political party was formed around 1870?,Dansk Folkeparti,,Socialistisk Folkeparti,,Venstre,,Venstre
Hvad er Søren Kierkegaard (1813-55) særligt kendt for?,What is Søren Kierkegaard (1813-55) particularly known for?,Han var kunstmaler,,Han var filosof,,Han var fysiker,,Han var filosof
Hvem har skrevet fortællingen Den Grimme Ælling?,Who wrote the story The Ugly Duckling?,H.C. Andersen,,Karen Blixen,,Ludvig Holberg,,H.C. Andersen
I hvilken måned fejres sankthans?,In which month is Midsummer celebrated?,I maj,,I juni,,I juli,,I juni
Hvem vælger en tillidsrepræsentant på en arbejdsplads?,Who chooses a shop steward in a workplace?,Medarbejderne og arbejdsgiveren i fællesskab,The employees and the employer together,Arbejdsgiveren,The employer,Medarbejderne,The employees,Medarbejderne
Hvilken rettighed er beskyttet af grundloven?,,Retten til at eje våben,,Retten til at have et arbejde,,Retten til selv at vælge religion,,Retten til selv at vælge religion
Hvor gammel skal man være for at blive gift i Danmark?,,Mindst 16 år,,Mindst 18 år,,Mindst 20 år,,Mindst 18 år
"Må man danne en forening, hvis man ikke er dansk statsborger?",,Ja,,Nej,,,,Ja
Hvad var rødstrømpe-bevægelsen en del af?,,Arbejderbevægelsen i 1930'erne,,Kvindebevægelsen i 1970'erne,,Miljøbevægelsen i 1990'erne,,Kvindebevægelsen i 1970'erne
Under hvilken krig var Danmark besat af tyske tropper?,,1. Verdenskrig,,2. Verdenskrig,,,,2. Verdenskrig
Hvem fik Danmark økonomisk hjælp af i tiden omkring 1950 med Marshall-planen?,Who did Denmark receive financial assistance from around 1950 with the Marshall Plan?,Storbritannien,,Canada,,USA,,USA
Hvilket af følgende partier har været med i regeringen siden 2022?,,Dansk Folkeparti,,Venstre,,Det Konservative Folkeparti,,Venstre
Hvor mange medlemmer af Folketinget er valgt på Færøerne?,,To,,Fem,,Otte,,To
På hvilken ø ligger Danmarks sydligste punkt?,On which island is Denmark's southernmost point located?,Læsø,,Fyn,,Falster,,Falster
Hvilken af følgende byer har flest indbyggere?(2),Which of the following cities has the most inhabitants?,Odense,,Aalborg,,Aarhus,,Aarhus
Hvad er Susanne Bier og Thomas Vinterberg særlig kendte for?,,De er filminstruktører,,De er kunstmalere,,De er forfattere,,De er filminstruktører
Hvem fik især betydning for højskolerne i 1800-tallet?,,N.F.S. Grundtvig,,Søren Kierkegaard,,P.S. Krøyer,,N.F.S. Grundtvig
Hvilket landområde mistede Danmark i 1658?,,Shetlands-øerne,,Slesvig,,Skåne,,Skåne
Hvornår blev Reformationen og dermed den protestantiske kristendom indført i Danmark?,When was the Reformation and thus Protestant Christianity introduced in Denmark?,900-tallet,,1200-tallet,,1500-tallet,,1500-tallet
Er et flertal af Danmarks befolkning medlem af Folkekirken?,,Ja,,Nej,,,,Ja
Hvornår er grundloven sidst blevet ændret?,,1866,,1915,,1953,,1953
"Er det normalt gratis at gå til tandlægen, når man er under 20 år?",,Ja,,Nej,,,,Ja
Hvem laver lovene i Danmark?,,Folketinget og domstolene,,Regeringen og Folketinget,,,,Regeringen og Folketinget
"Må andre se, hvad man stemmer til folketingsvalg?",,Je,,Nej,,,,Nej
Hvad er moms?(2),,En skat man betaler af sin indkomst,,En afgift på blandt andet varer man køber i butikkerne,,Et gebyr man betaler for at kunne se DR's tv- og radiokanaler,,En afgift på blandt andet varer man køber i butikkerne
Hvor mange års undervisning skal børn i Danmark normalt have?,,Mindst 10 år,,Mindst 12 år,,Mindst 14 år,,Mindst 10 år
"Skal forældre normalt betale for, at deres børn går i en friskole eller privatskole?",Do parents usually have to pay for their children to attend a private or independent school?,Ja,,Nej,,,,Ja
"Hvilket land sendte Danmark soldater til i 2003 efter en invasion, der var ledet af USA?",,Syrien,,Irak,,Libyen,,Irak
Hvor tit er der valg til kommunalbestyrelser og regionsråd?,,Hvert tredje år,,Hvert fjerde år,,Hvert femte år,,Hvert fjerde år
Hvem er ikke med i det danske rigsfællesskab?,,Island,,Færøerne,,Grønland,,Island
Hvem var Danmarks første kvindelige statsminister?(2),Who was Denmark's first female prime minister?,Margrethe Vestager,,Mette Frederiksen,,Helle Thorning-Schmidt,,Helle Thorning-Schmidt
Hvilken rettighed er beskyttet af grundloven?(2),Which right is protected by the Constitution?,Retten til at bære våben,The right to bear arms,Retten til at have et arbejde,The right to have a job,Retten til selv at vælge religion,The right to choose one's own religion,Retten til selv at vælge religion
Hvem står for driften af de offentlige sygehuse?,,Kommunerne,,Regionerne,,Staten,,Regionerne
Hvor mange kommuner er der i Danmark?(2),,37,,98,,165,,98
Fra hvilket land kom der særligt mange indvandrere til Danmark i slutningen af 1960’erne?(2),,Rumænien,,Syrien,,Tyrkiet,,Tyrkiet
Hvad kendetegnede blandt andet 1960’erne?,,Danmark blev besat af tyske tropper,,Danmark havde høj økonomisk vækst,,Danmark havde kolonier i Afrika og Caribien,,Danmark havde høj økonomisk vækst
Hvilket af følgende lande var i union med Danmark over 400 år frem til 1814?(2),,Sverige,,Finland,,Norge,,Norge
Hvilket parti sad i regering flest år mellem 1929 og 1982?,,Socialdemokratiet,,Venstre,,Det Konservative Folkeparti,,Socialdemokratiet
Hvem er den øverste politiske leder af en kommune?,,En kommunaldirektør,,En borgmester,,,,En borgmester
Hvilken type vedvarende energi producerer den største andel af Danmarks el-forbrug?,,Vindenergi,,Solenergi,,Bølgeenergi,,Vindenergi
Hvor højt er Danmarks højeste naturlige punkt?,,Cirka 170 meter,,Cirka 460 meter,,Cirka 750 meter,,Cirka 170 meter
"Hvor ligger Danmarks femtestørste by, Esbjerg?",,I Nordjylland,,I Østjylland,,I Vestjylland,,I Vestjylland
På hvilke klassetrin kan man vælge at gå på efterskole?,,"0., 1. og 2. klasse",,"4., 5. og 6. klasse",,"8., 9. og 10. klasse",,"8., 9. og 10. klasse"
Hvor gammel skal man mindst være for at købe cigaretter i Danmark?,,16 år,,18 år,,20 år,,18 år
Hvilket område samarbejdes der primært om i NATO?,,Handelspolitik,,Flygtningepolitik,,Forsvarspolitik,,Forsvarspolitik
Hvor blev danske soldater udsendt til i 1990'erne som en del af FN's styrker?(2),,Afghanistan,,Bosnien,,Libyen,,Bosnien
Hvor skete der et terrorangreb i 2015?,Where did a terrorist attack happen in 2015?,Christiansborg,,Københavns Lufthavn,,Københavns Synagoge,,Københavns Synagoge
Hvor ofte skal der være valg til Folketinget?,How often should there be elections to the parliament?,Hvert fjerde år,,Hvert femte år,,Hvert sjette år,,Hvert fjerde år
Hvor stor en andel af Folketingets medlemmer er kvinder?,,Cirka 25 procent,,Cirka 35 procent,,Cirka 45 procent,,Cirka 45 procent
"Hvor stor en del af borgere med stemmeret stemmer normalt, når der er folketingsvalg?",,40-50 procent,,60-70 procent,,80-90 procent,,80-90 procent
For hvilken film vandt Thomas Vinterberg en Oscar i 2021?,,Druk,,Hævnen,,Nattevagten,,Druk
Er det gratis at låne bøger på landets folkebiblioteker?,,Ja,,Nej,,,,Ja
"Hvad er den mest almindelige arbejdstid, hvis man er ansat på fuld tid?",,32 timer om ugen,,37 timer om ugen,,43 timer om ugen,,37 timer om ugen
Kan man gifte sig med en person af samme køn i Danmark?,,Ja,,Nej,,,,Ja
Skal man være dansk statsborger for at stemme til folketingsvalg?(2),Do you have to be a Danish citizen to vote in the general election?,Ja,,Nej,,,,Ja
Hvilken organisation blev Danmark medlem af i 1945?,,FN,,WTO,,EU,,FN
Hvilken popgruppe udgav nummeret 'Barbie Girl' i 1990'erne?(2),Which pop group released the song 'Barbie Girl' in the 1990s?,Gasolin,,Aqua,,Nik & Jay,,Aqua
Hvad hedder Danmarks tredjestørste by?,,Esbjerg,,Aalborg,,Odense,,Odense
Hvilke landsdele forbinder Lillebæltsbroen?,,Fyn og Sjælland,,Fyn og Langeland,,Fyn og Jylland,,Fyn og Jylland
"Må en arbejdsgiver fyre en kvinde, fordi hun er gravid?",,Ja,,Nej,,,,Nej
Hvilket parti fik flest stemmer ved folketingsvalget i 2022?(2),Which party received the most votes in the 2022 general election?,Socialdemokratiet,,Dansk Folkeparti,,Venstre,,Socialdemokratiet
"Hvad er den højeste karakter på 7-trins-skalaen, som man bruger i det danske uddannelsessystem?",,7,,10,,12,,12
"Skal der være en folkeafstemning, hvis den danske grundlov skal ændres?(2)",,Ja,,Nej,,,,Ja
Hvilket af følgende områder har kommunerne ansvaret for?,,Børnehaver,,Sygehuse,,Politiet,,Børnehaver
Hvad fejres hvert år den 5. juni?,,Kristi himmelfart,,Grundlovsdag,,Kvindernes internationale kampdag,,Grundlovsdag
Hvilket af følgende områder mistede Danmark i 1864?,Which of the following areas did Denmark lose in 1864?,Norge,,Skåne,,Slesvig,,Slesvig
Hvor mange medlemmer har Folketinget?,How many members does the Folketing have?,87,,179,,265,,179
Hvor mange år går børn normalt i folkeskolen?,How many years do children usually attend primary school?,10 år,,12 år,,14 år,,10 år
Hvortil kan man normalt anke en afgørelse fra byretten?,To what extent can a decision from the district court normally be appealed?,Landsretten,,Højesteret,,,,Landsretten
Er flertallet af Danmarks befolkning medlem af folkekirken?,Is the majority of the Danish population a member of the Danish People's Church?,Ja,,Nej,,,,Ja
Hvad fremstiller den danske virksomhed LEGO?,,Insulin,,Vindmøller,,Legetøj,,Legetøj
Hvilket år blev Danmark besat af tyske tropper?(2),,1935,,1940,,1945,,1940
Hvornår er man ifølge loven myndig i Danmark?,When is one legally of age in Denmark?,Når man fylder 15 år,,Når man fylder 18 år,,Når man fylder 21 år,,Når man fylder 18 år
Hvilket af følgende lande er ikke med i det danske rigsfællesskab?,Which of the following countries is not part of the Danish Realm?,Færøerne,,Grønland,,Island,,Island
Hvor blev danske FN-soldater udsendt til i 1990’erne som en del af FN’s styrker?,Where were Danish UN soldiers deployed to in the 1990s as part of UN forces?,Libyen,,Afghanistan,,Bosnien,,Bosnien
Hvor mange regioner er der i Danmark?,How many regions are there in Denmark?,5,,15,,25,,5
"Skal politiet normalt give tilladelse til, at man afholder en demonstration?",Should the police normally give permission for a demonstration to be held?,Ja,,Nej,,,,Nej
Hvad var Yahya Hassan særligt kendt for?,What was Yahya Hassan particularly known for?,Han var skuespiller,,Han var fodboldspiller,,Han var digter (poet),,Han var digter (poet)
"I hvilken type institution går børn typisk, når de er fire år",What type of institution do children typically attend when they are four years old?,Vuggestue,,Børnehave,,,,Børnehave
Hvem fik især betydning for højskolerne i 1800-tallet?(2),Who was particularly influential for the college in the 19th century?,Ludvig Holberg,,Søren Kierkegaard,,N.F.S. Grundtvig,,N.F.S. Grundtvig
"Betyder en betinget fængselsstraf, at man skal direkte i fængsel?(2)",Does a suspended prison sentence mean that you have to go straight to prison?,Ja,,Nej,,,,Nej
Hvilken af følgende byer har flest indbyggere?(3),,Esbjerg,,Thisted,,Hjørring,,Esbjerg
Hvor mange medlemmer af Folketinget er valgt på Færøerne?(2),How many members of the Folketing are elected in the Faroe Islands?,2,,4,,6,,2
Hvornår blev grundloven sidst ændret?,When was the Constitution last amended?,1855,,1907,,1953,,1953
Hvilken af følgende virksomheder producerer vindmøller?,Which of the following companies manufactures wind turbines?,Novo Nordisk,,Arla,,Vestas,,Vestas
Hvornår begynder eleverne i den danske folkeskole at få karakterer efter 7-trins-skalaen?,When do students in Danish primary schools start receiving grades according to the 7-point scale?,0. klasse,,4. klasse,,8. klasse,,8. klasse
Hvad er P.S. Krøyer særlig kendt for?,,Han var kunstmaler,,Han var politiker,,Han var videnskabsmand,,Han var kunstmaler
Hvornår blev de første jernbaner i Danmark bygget?,When were the first railways in Denmark built?,I 1700-tallet,,I 1800-tallet,,I 1900-tallet,,I 1800-tallet
Hvad hedder Danmarks næststørste by?,What is the name of Denmark's second largest city?,Aalborg,,Odense,,Aarhus,,Aarhus
På hvilken årstid ligger påsken?,In what season is Easter?,Forår,,Sommer,,Efterår,,Forår
Hvad hedder farvandet mellem København og Sverige?,,Lillebælt,,Kattegat,,Øresund,,Øresund
Hvad er Karen Blixen især kendt for?,,Hun lavede film,,Hun skrev bøger,,Hun spillede teater,,Hun skrev bøger
Hvor mange indbyggere har Danmark?,How many inhabitants does Denmark have?,Cirka seks millioner,,Cirka otte millioner,,Cirka ti millioner,,Cirka seks millioner
Hvad er værnepligt?,What is military service?,Pligten til at forsvare Danmark,,Pligten til at forsørge sin familie,,,,Pligten til at forsvare Danmark
Hvordan har antallet af landmænd i Danmark udviklet sig siden 1960?(2),How has the number of farmers in Denmark developed since 1960?,Antallet er steget,,Antallet er faldet,,,,Antallet er faldet
Hvem var Danmarks første kvindelige statsminister?(3),,Pia Kjærsgaard,,Mette Frederiksen,,Helle Thorning-Schmidt,,Helle Thorning-Schmidt
"Skal personer over 21 år normalt selv betale en del af regningen, når de går til tandlægen?",Do people over the age of 21 usually have to pay part of the bill themselves when they go to the dentist?,Ja,,Nej,,,,Ja
Er Danmark medlem af NATO?,,Ja,,Nej,,,,Ja
Hvor gammel skal man mindst være for at købe cigaretter i Danmark?(2),,15 år,,18 år,,21 år,,18 år
Hvornår blev protestantismen indført i Danmark?,When was Protestantism introduced in Denmark?,1100-tallet,,1300-tallet,,1500-tallet,,1500-tallet
Fik kvinder stemmeret til Folketinget med grundloven fra 1849?,Did women get the right to vote in the Folketing with the Constitution of 1849?,Ja,,Nej,,,,Nej
Hvor mange ugers ferie har lønmodtagere på det danske arbejdsmarked normalt ret til?,How many weeks of vacation are employees in the Danish labor market normally entitled to?,1-2 uger om året,,3-4 uger om året,,5-6 uger om året,,5-6 uger om året
Hvor gammel skal man være for at blive gift i Danmark?(2),How old do you have to be to get married in Denmark?,Mindst 15 år,,Mindst 18 år,,Mindst 21 år,,Mindst 18 år
"Kan man få arbejdsløshedsdagpenge, hvis man ikke er medlem af en arbejdsløshedskasse (a-kasse)?",Can you get unemployment benefits if you are not a member of an unemployment fund?,Ja,,Nej,,,,Nej
Hvilken rettighed fik kvinder i forbindelse med grundlovsændringen i 1915?,What rights did women gain in connection with the constitutional amendment in 1915?,Retten til at stemme til den lovgivende forsamling,,Retten til at få en abort til og med 12. graviditetsuge,,Retten til at blive skilt fra en voldelig ægtemand,,Retten til at stemme til den lovgivende forsamling
"I hvilken type daginstitution går børn typisk, når de er fire år?",,Vuggestue,,Børnehave,,,,Børnehave
"Hvad er den mest almindelige arbejdstid, hvis man er ansat på fuld tid?(2)",,32 timer om ugen,,37 timer om ugen,,42 timer om ugen,,37 timer om ugen
Hvem holder sin nytårstale den 31. december?,Who will give their New Year's speech on December 31st?,Dronningen,,Statsministeren,,,,Dronningen
Under hvilken krig var Danmark besat af tyske tropper?(2),During which war was Denmark occupied by German troops?,1. Verdenskrig,World War 1,2. Verdenskrig,World War 2,,,2. Verdenskrig
Hvor mange medlemmer af Folketinget er valgt i Grønland?,How many members of the Folketing are elected in Greenland?,2,,4,,6,,2
På hvilken ø ligger Danmarks sydligste punkt?(2),On which island is Denmark's southernmost point located?,Læsø,,Samsø,,Falster,,Falster
Hvilket af følgende firmaer producerer medicin?,,Vestas,,Novo Nordisk,,Arla,,Novo Nordisk
"Hvornår er der tradition for, at børn slår katten af tønden?",When is it traditional for children to kick the cat out of the barrel?,Halloween,,Pinse,,Fastelavn,,Fastelavn
Hvor mange kommuner er der i Danmark?(3),,18,,98,,178,,98
Er det forbudt at slå børn i Danmark?,,Ja,,Nej,,,,Ja
Hvor mange stemmer normalt ved valg til Folketinget?(2),,40-50 procent,,60-70 procent,,80-90 procent,,80-90 procent
Hvor mange medlemmer har Folketinget?(2),,69,,129,,179,,179
Hvilken type grøn energi producerer Danmark mest af?,,Bølgeenergi,,Vindenergi,,Solenergi,,Vindenergi
Hvor højt er Danmarks højeste naturlige punkt?(2),,Cirka 170 meter,,Cirka 460 meter,,Cirka 750 meter,,Cirka 170 meter
Hvad er en straffeattest?,What is a criminal record?,"Et dokument, man skal vise til politiet, hvis man bliver anholdt",A document you must show to the police if you are arrested,"Et dokument, der viser, om man har været straffet for forbrydelser",A document showing whether one has been convicted of a crime,,,"Et dokument, der viser, om man har været straffet for forbrydelser"
Hvornår levede forfatteren H.C. Andersen?,,I 1700-tallet,,I 1800-tallet,,I 1900-tallet,,I 1800-tallet
Er undervisningen gratis på de offentlige gymnasier?,,Ja,,Nej,,,,Ja
Hvilken rettighed er sikret i den danske grundlov?,,Retten til at stifte familie,,Retten til at købe og bruge våben,,Retten til at sige hvad man mener,,Retten til at sige hvad man mener
Kan man gifte sig med en person af det samme køn i Danmark?,,Ja,,Nej,,,,Ja
"Må en arbejdsgiver fyre en ansat, fordi han eller hun melder sig ind i en fagforening?",,Ja,,Nej,,,,Nej
"Er vaccinationer til børn mod sygdommene mæslinger, fåresyge og røde hunde gratis?",,Ja,,Nej,,,,Ja
Hvad var Søren Kierkegaard (1813-1855) særligt kendt for?,,Han var kunstmaler,,Han var politiker,,Han var filosof,,Han var filosof
"Hvor ligger Danmarks fjerdestørste by, Aalborg?",,I Vestjylland,,I Sønderjylland,,I Nordjylland,,I Nordjylland
Hvornår trådte Danmarks Riges Grundlov i kraft?,,1849,,1923,,1958,,1849
Har man mulighed for at få økonomisk støtte under barselsorlov?,,Ja,,Nej,,,,Ja
"Hvor stor en del af borgerne med stemmeret stemmer normalt, når der er folketingsvalg?",,40-50 procent,,60-70 procent,,80-90 procent,,80-90 procent
Er det gratis at låne bøger på landets folkebiblioteker?(2),Is it free to borrow books at the country's public libraries?,Ja,,Nej,,,,Ja
Hvortil kan man anke en afgørelse fra byretten?,,Landsretten,,Højesteret,,,,Landsretten
Hvor var danske soldater blandt andet udsendt til i 1990’erne som en del af FN’s styrker?,Where were Danish soldiers deployed to in the 1990s as part of UN forces?,Afghanistan,,Bosnien,,Libyen,,Bosnien
Hvad var Yahya Hassan særligt kendt for?(2),What was Yahya Hassan particularly known for?,Han var digter,He was a poet,Han var fodboldspiller,He was a football player.,Han var skuespiller,He was an actor,Han var digter
"Hvordan bliver det afgjort, hvem der skal være konge eller dronning i Danmark?",How is it decided who will be king or queen in Denmark?,Den nye konge eller dronning arver tronen,,Den nye konge eller dronning vælges af Folketinget,,Den nye konge eller dronning udpeges af regeringen,,Den nye konge eller dronning arver tronen
Hvilken rettighed er beskyttet af grundloven?(3),,Retten til bære våben,,Retten til at have et arbejde,,Retten til selv at vælge religion,,Retten til selv at vælge religion
Hvilket land blev Danmark besat af den 9. april 1940?,,Frankrig,,Sverige,,Tyskland,,Tyskland
Skal man være medlem af folkekirken for at blive begravet på en af folkekirkens kirkegårde?,Do you have to be a member of the Danish National Church to be buried in one of the Danish National Church cemeteries?,Ja,,Nej,,,,Nej
Hvor har USA luftbasen Thulebasen?,,Bornholm,,Grønland,,Færøerne,,Grønland
I hvilken måned fejres sankthans?(2),,I april,,I maj,,I juni,,I juni
Er Danmark medlem af De Forenede Nationer (FN)?,,Ja,,Nej,,,,Ja
Kan man få dagpenge ved arbejdsløshed uden at være medlem af en arbejdsløshedskasse?,Can you receive unemployment benefits without being a member of an unemployment fund?,Ja,,Nej,,,,Nej
Hvilken forfatter har skrevet eventyret Den Grimme Ælling?,,Karen Blixen,,H.C. Andersen,,Benny Andersen,,H.C. Andersen
Hvad er den højeste karakter på 7-trins-skalaen?,,7,,10,,12,,12
For hvilken film vandt Thomas Vinterberg en Oscar i 2021?(2),,Druk,,Pelle Erobreren,,Kundskabens Træ,,Druk
Hvilken rolle har Dronningen blandt andet?,,Hun repræsenterer den danske regering i EU,,Hun underskriver nye love sammen med en minister,,Hun holder åbningstalen ved Folketingets åbning i oktober,,Hun underskriver nye love sammen med en minister
Hvad fremstiller den danske virksomhed LEGO?(2),,Insulin,,Vindmøller,,Byggeklodser,,Byggeklodser
Hvad hedder farvandet mellem Jylland og Fyn?,,Storebælt,,Øresund,,Lillebælt,,Lillebælt
Hvem er ikke med i det danske rigsfællesskab?(2),,Island,,Færøerne,,Grønland,,Island
Hvor mange års undervisning skal børn i Danmark mindst have?,,7 år,,10 år,,13 år,,10 år
"Må man danne en forening, hvis man ikke er dansk statsborger?(2)",Can you form an association if you are not a Danish citizen?,Ja,,Nej,,,,Ja
Hvem er den øverste politiske leder af en kommune?(2),Who is the top political leader of a municipality?,En borgmester,,En kommunaldirektør,,,,En borgmester
Hvilket område mistede Danmark blandt andet i 1864?,What territory did Denmark lose in 1864?,Norge,,Skåne,,Slesvig,,Slesvig
Kan man få arbejdsløshedsdagpenge uden at være medlem af en arbejdsløshedskasse (A-kasse)?,,Ja,,Nej,,,,Nej
Hvilken rettighed er beskyttet af den danske grundlov?,,Retten til at holde ferie,,Retten til at eje våben,,Retten til at forsamles,,Retten til at forsamles
Hvornår blev protestantismen indført i Danmark?(2),,I 1100-tallet,,I 1300-tallet,,I 1500-tallet,,I 1500-tallet
Hvem holder sin nytårstale den 31. december?(2),,Dronningen,,Statsministeren,,,,Dronningen
Hvad hedder farvandet mellem Fyn og Sjælland?,What is the name of the waters between Funen and Zealand?,Storebælt,,Øresund,,Lillebælt,,Storebælt
Skal man være dansk statsborger for at stemme til folketingsvalg?(3),,Ja,,Nej,,,,Ja
Hvornår kan man som hjemmeboende tidligst få SU (Statens Uddannelsesstøtte)?,When is the earliest you can receive SU (State Education Support) as a person living at home?,Når man fylder 14 år,,Når man fylder 16 år,,Når man fylder 18 år,,Når man fylder 18 år
Har en medarbejder altid krav på at arbejde deltid?,Is an employee always required to work part-time?,Ja,,Nej,,,,Nej
"Skal forældre normalt betale for, at deres børn går i en friskole eller privatskole?(2)",Do parents usually have to pay for their children to attend a private or independent school?,Ja,,Nej,,,,Ja
Hvem har den dømmende magt?,Who has the judicial power?,Folketinget,,Regeringen,,Domstolene,,Domstolene
Hvilken af følgende virksomheder producerer vindmøller?(2),,Vestas,,Novo Nordisk,,Arla,,Vestas
Hvor ofte er der valg til kommunalbestyrelser og regionsråd?,How often are elections held for local and regional councils?,Hvert 3. år,,Hvert 4. år,,Hvert 5. år,,Hvert 4. år
"Betyder en betinget fængselsstraf, at man skal direkte i fængsel?(3)",Does a suspended prison sentence mean that you have to go straight to prison?,Ja,,Nej,,,,Nej
Hvad er P.S. Krøyer særlig kendt for?(2),,Han var videnskabsmand,,Han var politiker,,Han var kunstmaler,,Han var kunstmaler
Ved hvilken by i Jylland ligger Danmarks nordligste punkt Grenen?,"Near which city in Jutland is Denmark's northernmost point, Grenen?",Skagen,,Aarhus,,Aalborg,,Skagen
I forbindelse med hvilken mærkedag klæder børn sig ud og slår katten af tønden?,On which anniversary do children dress up and kick the cat out of the barrel?,Sankthans,,Fastelavn,,Pinse,,Fastelavn
Hvem vælger en tillidsrepræsentant på en arbejdsplads?(2),Who chooses a shop steward in a workplace?,Medarbejderne og arbejdsgiveren i fællesskab,,Arbejdsgiveren,,Medarbejderne,,Medarbejderne
Hvor mange medlemmer af Folketinget er valgt på Færøerne?(3),,2,,4,,6,,2
Ved hvilken bygning blev der begået et terrorangreb i 2015?,,Københavns Hovedbanegård,,Københavns Synagoge,,Københavns Lufthavn,,Københavns Synagoge
Hvor mange regioner er Danmark opdelt i?,How many regions is Denmark divided into?,3,,5,,7,,5
Hvem står for driften af de offentlige sygehuse?(2),Who is responsible for operating public hospitals?,Kommunerne,,Regionerne,,Staten,,Regionerne
Hvilket område mistede Danmark i 1864?,,Norge,,Skåne,,Slesvig,,Slesvig
Hvad hedder Danmarks første kvindelige statsminister?,,Pia Kjærsgaard,,Mette Frederiksen,,Helle Thorning-Schmidt,,Helle Thorning-Schmidt
Hvad fejres hvert år den 5. juni?(2),,Kristi Himmelfart,,Grundlovsdag,,Fastelavn,,Grundlovsdag
Hvornår er man ifølge loven myndig i Danmark?(2),When is one legally of age in Denmark?,Når man fylder 15 år,,Når man fylder 18 år,,Når man fylder 21 år,,Når man fylder 18 år
Skal Folketingets medlemmer tilhøre et politisk parti?,Should members of the Danish Parliament belong to a political party?,Ja,,Nej,,,,Nej
Hvem var Danmarks første kvindelige statsminister?(4),,Pia Olsen Dyhr,,Sofie Carsten Nielsen,,Helle Thorning-Schmidt,,Helle Thorning-Schmidt
Hvilken rettighed fik kvinder i forbindelse med grundlovsændringen i 1915?(2),What rights did women gain in connection with the constitutional amendment in 1915?,Retten til at stemme til den lovgivende forsamling,,Retten til at få en abort til og med 12. graviditetsuge,,Retten til at blive skilt fra en voldelig ægtemand,,Retten til at stemme til den lovgivende forsamling
"Må man danne en forening, hvis man ikke er dansk statsborger?(3)",Can you form an association if you are not a Danish citizen?,Ja,,Nej,,,,Ja
Hvad hedder farvandet mellem Jylland og Fyn?(2),,Storebælt,,Øresund,,Lillebælt,,Lillebælt
Er det normalt gratis at være medlem af en fagforening?,Is it usually free to be a member of a trade union?,Nej,,Ja,,,,Nej
Hvornår blev Danmarks Riges Grundlov indført?,When was the Constitution of the Kingdom of Denmark introduced?,1661,,1788,,1849,,1849
Er undervisningen gratis på de offentlige gymnasier?(2),Is tuition free at public high schools?,Nej,,Ja,,,,Ja
Hvad er en straffeattest?(2),What is a criminal record?,"Et dokument, man skal vise til politiet, hvis man bliver anholdt",,"Et dokument, der viser, om man har været straffet for visse forbrydelser",,,,"Et dokument, der viser, om man har været straffet for visse forbrydelser"
Hvornår levede forfatteren H.C. Andersen?(2),When did the author H.C. Andersen live?,1805-1875,,1855-1925,,1905-1975,,1805-1875
Hvor gammel skal man være for at blive gift i Danmark?(3),,Mindst 15 år,,Mindst 18 år,,Mindst 21 år,,Mindst 18 år
Hvad er det danske firma Novo Nordisk særlig kendt for at producere?,,Legetøj,,Vindmøller,,Medicin,,Medicin
"Kan man blive gift i folkekirken, hvis man ikke er medlem?",Can you get married in the Danish People's Church if you are not a member?,"Ja, hvis den, man skal giftes med, er medlem",,"Nej, begge, der skal giftes, skal være medlemmer",,,,"Ja, hvis den, man skal giftes med, er medlem"
Hvornår blev Danmark besat af tyske tropper under 2. Verdenskrig?,When was Denmark occupied by German troops during World War II?,April 1937,,April 1940,,April 1945,,April 1940
Hvilke lande er med i rigsfællesskabet?,,"Danmark, Grønland og Færøerne",,"Danmark, Island og Norge",,,,"Danmark, Grønland og Færøerne"
"Hvordan bliver det afgjort, hvem der skal være konge eller dronning i Danmark?(2)",How is it decided who will be king or queen in Denmark?,Folketinget vælger den bedst kvalificerede,,Den nye konge eller dronning arver tronen,,Det bliver afgjort gennem en folkeafstemning,,Den nye konge eller dronning arver tronen
Hvem står normalt for driften af de offentlige børnehaver og vuggestuer?,Who is normally responsible for the operation of public kindergartens and nurseries?,Staten,,Regionerne,,Kommunerne,,Kommunerne
"Hvor gamle er børn normalt, når de begynder i 0. klasse i skolen?",How old are children usually when they start grade 0 at school?,3-4 år,,5-6 år,,7-8 år,,5-6 år
Er Danmark medlem af NATO?(2),,Ja,,Nej,,,,Ja
Hvad er Karen Blixen især kendt for?(2),,Hun skrev bøger,,Hun lavede billedkunst,,Hun spillede teater,,Hun skrev bøger
Har man normalt mulighed for at få økonomisk støtte under barsels- og fædreorlov?,Is it usually possible to receive financial support during maternity and paternity leave?,Ja,,Nej,,,,Ja
"Må en arbejdsgiver fyre en ansat, fordi han eller hun melder sig ind i en fagforening?(2)",Can an employer fire an employee because he or she joins a union?,Ja,,Nej,,,,Nej
Hvem er den øverste politiske leder af en kommune?(3),Who is the top political leader of a municipality?,En borgmester,,En kommunaldirektør,,,,En borgmester
Hvor mange kommuner er der i Danmark?(4),,68,,98,,128,,98
"Må en arbejdsgiver fyre en kvinde, fordi hun er gravid?(2)",Can an employer fire a woman because she is pregnant?,Ja,,Nej,,,,Nej
"Hvor ligger Danmarks andenstørste by, Aarhus?",,På Sjælland,,I Jylland,,På Fyn,,I Jylland
Hvad hedder farvandet mellem København og Sverige?(2),,Øresund,,Kattegat,,Lillebælt,,Øresund
Hvor mange års undervisningspligt er der i Danmark?,,7 år,,10 år,,13 år,,10 år
Hvilket land blev Danmark besat af den 9. april 1940?(2),,Frankrig,,Sverige,,Tyskland,,Tyskland
Hvornår blev protestantismen indført i Danmark?(3),,I 1100-tallet,,I 1300-tallet,,I 1500-tallet,,I 1500-tallet
Hvor mange medlemmer har Folketinget?(3),,69,,129,,179,,179
Hvornår er der tradition for at samles om aftenen og tænde bål?,When is it traditional to gather in the evening and light a bonfire?,Til grundlovsdag,For Constitution Day,Til fastelavn,,Til sankthans,,Til sankthans
Hvilken organisation blev Danmark medlem af i 1945?(2),Which organization did Denmark become a member of in 1945?,FN,,NATO,,EU,,FN
Skal man være dansk statsborger for at kunne stemme til folketingsvalg i Danmark?,Do you have to be a Danish citizen to be able to vote in parliamentary elections in Denmark?,Ja,,Nej,,,,Ja
Hvor stor en andel af Folketingets medlemmer er kvinder?(2),What proportion of members of the parliament are women?,Ca. 20 %,,Ca. 40 %,,Ca. 60 %,,Ca. 40 %
Hvad er værnepligt?(2),What is military service?,Pligten til at være med til at forsvare Danmark,The duty to help defend Denmark,Pligten til at være med til at forsørge sin familie,The duty to help support one's family,,,Pligten til at være med til at forsvare Danmark
Hvem står for driften af folkeskolerne?,Who is responsible for the operation of the elementary schools?,Staten,,Kommunerne,,,,Kommunerne
Hvor ofte skal der ifølge grundloven afholdes folketingsvalg?,How often must parliamentary elections be held according to the Constitution?,Mindst hvert 2. år,,Mindst hvert 4. år,,Mindst hvert 6. år,,Mindst hvert 4. år
Hvem vælger en tillidsrepræsentant på en arbejdsplads?(3),,Arbejdsgiveren,,Medarbejderne,,,,Medarbejderne
Er det gratis at låne bøger på landets folkebiblioteker?(3),,Ja,,Nej,,,,Ja
"Hvad er den mest almindelige arbejdstid, hvis man er ansat på fuldtid?",,37 timer om ugen,,42 timer om ugen,,48 timer om ugen,,37 timer om ugen
Hvilken af følgende virksomheder producerer vindmøller?(3),,Novo Nordisk,,Vestas,,Arla,,Vestas
Hvornår fik Danmark for første gang en kvindelig statsminister?,,1924,,1968,,2011,,2011
Hvilken rolle har dronningen blandt andet?(2),"What role does the queen have, among other things?",Hun udpeger Folketingets formand,She appoints the Speaker of the parliament,Hun underskriver nye love sammen med en minister,She signs new laws together with a minister,Hun holder åbningstalen ved Folketingets åbning i oktober,She will give the opening speech at the opening of the Danish Parliament in October.,Hun underskriver nye love sammen med en minister
Hvilken forfatter har skrevet eventyret Den Grimme Ælling?(2),Which author wrote the fairy tale The Ugly Duckling?,Karen Blixen,,H.C. Andersen,,Benny Andersen,,H.C. Andersen
Hvor mange medlemmer af Folketinget er valgt i Grønland?(2),,2,,4,,6,,2
Hvilken rettighed er sikret i grundloven?,What right is guaranteed in the Constitution?,Retten til at stifte familie,,Retten til at bære våben,,Retten til at ytre sig,,Retten til at ytre sig
Har kvinder ifølge dansk lov ret til samme løn som mænd for samme arbejde?,"According to Danish law, do women have the right to the same pay as men for the same work?",Ja,,Nej,,,,Ja
Hvad er en kollektiv overenskomst for privat ansatte?,What is a collective agreement for private sector employees?,En aftale mellem virksomheder og kommunalbestyrelser,,"En aftale mellem staten, regionerne og kommunerne",,En aftale mellem fagforeninger og arbejdsgiverorganisationer,,En aftale mellem fagforeninger og arbejdsgiverorganisationer
Er det forbudt at slå børn i Danmark?(2),Is it forbidden to hit children in Denmark?,Ja,,Nej,,,,Ja
"Hvor ligger Danmarks tredjestørste by, Odense?",,På Sjælland,,I Jylland,,På Fyn,,På Fyn
Hvor mange regioner er der i Danmark?(2),How many regions are there in Denmark?,3,,5,,7,,5
Hvad fejres hvert år den 5. juni?(3),What is celebrated every year on June 5th?,Grundlovsdag,,Kristi Himmelfartsdag,,Dronningens fødselsdag,,Grundlovsdag
Hvornår kan man som hjemmeboende tidligst få SU (Statens Uddannelsesstøtte)?(2),When is the earliest you can receive SU (State Education Support) as a person living at home?,Når man fylder 14 år,,Når man fylder 16 år,,Når man fylder 18 år,,Når man fylder 18 år
Hvad hedder farvandet mellem Fyn og Sjælland?(2),,Storebælt,,Øresund,,Lillebælt,,Storebælt
"Er vaccinationer mod børnesygdommene mæslinger, fåresyge og røde hunde, MFR-vaccinen, gratis?","Are vaccinations against the childhood diseases measles, mumps and rubella, the MMR vaccine, free?",Ja,,Nej,,,,Ja
Hvor ofte skal der ifølge grundloven afholdes folketingsvalg?(2),How often must parliamentary elections be held according to the Constitution?,Mindst hvert andet år,,Mindst hvert tredje år,,Mindst hvert fjerde år,,Mindst hvert fjerde år
Hvad er et samarbejdsudvalg på en arbejdsplads?,What is a works council in a workplace?,Et samarbejde mellem medlemmer af forskellige fagforeninger,,Et samarbejde mellem ledelsen og de ansatte,,,,Et samarbejde mellem ledelsen og de ansatte
"Må en arbejdsgiver fyre en kvinde, fordi hun er gravid?(3)",Can an employer fire a woman because she is pregnant?,Ja,,Nej,,,,Nej
Hvilken dansk arkitekt har designet lænestolen Ægget?,Which Danish architect designed the Egg armchair?,Arne Jacobsen,,Bjarke Ingels,,Jan Gehl,,Arne Jacobsen
Hvilket af følgende firmaer producerer medicin?(2),,Vestas,,Novo Nordisk,,Arla,,Novo Nordisk
Hvad hedder Danmarks første kvindelige statsminister?(2),,Pia Kjærsgaard,,Mette Frederiksen,,Helle Thorning-Schmidt,,Helle Thorning-Schmidt
Hvor højt er det højeste naturlige punkt i det danske landskab?,,Ca. 170 meter,,Ca. 360 meter,,Ca. 550 meter,,Ca. 170 meter
Hvilket af følgende landområder er ikke med i det danske rigsfællesskab?,,Færøerne,,Grønland,,Åland,,Åland
Hvem har den lovgivende magt?,Who has the legislative power?,Folketinget og domstolene,,Regeringen og Folketinget,,,,Regeringen og Folketinget
"Hvornår er der tradition for, at børn klæder sig ud og slår katten af tønden?",When is it a tradition for children to dress up and beat the cat out of the barrel?,Til sankthans,,Til fastelavn,,Til pinse,,Til fastelavn
Hvornår er grundloven sidst blevet ændret?(2),When was the Constitution last amended?,1849,,1915,,1953,,1953
Har fædre ret til fædreorlov efter barns fødsel?,Are fathers entitled to paternity leave after the birth of a child?,Ja,,Nej,,,,Ja
Hvad er Ludvig Holberg kendt for?,,Han var maler,,Han var forfatter,,Han var komponist,,Han var forfatter
Hvilket område mistede Danmark blandt andet i 1864?(2),What territory did Denmark lose in 1864?,Norge,,Skåne,,Slesvig,,Slesvig
"Betyder en betinget fængselsstraf, at man kan undgå at komme i fængsel?",Does a suspended prison sentence mean that you can avoid going to prison?,Ja,,Nej,,,,Ja
Hvem holder sin nytårstale den 31. december?(3),Who will give their New Year's speech on December 31st?,Dronningen,,Statsministeren,,,,Dronningen
Hvor mange medlemmer af Folketinget er valgt på Færøerne?(4),How many members of the parliament are elected in the Faroe Islands?,2,,4,,6,,2
Hvilken rettighed er sikret i den danske grundlov?(2),What right is guaranteed in the Danish Constitution?,Retten til at bære våben,,Retten til at stifte familie,,Retten til at forsamles,,Retten til at forsamles
"Skal forældrene normalt betale noget for, at deres børn går i en friskole eller privatskole?",Do parents usually have to pay anything for their children to attend a private or charter school?,Ja,,Nej,,,,Ja
